{"loss":{"0":0.1338033527,"1":0.0875053778,"2":0.0370671563,"3":0.0313458107,"4":0.0281599388,"5":0.020924734,"6":0.0186286289,"7":0.0159899462,"8":0.0129048135,"9":0.0084481444,"10":0.0054405495,"11":0.0036644076,"12":0.0021953885,"13":0.0014887458,"14":0.0011785929,"15":0.0010303193,"16":0.0009781338,"17":0.0009361983,"18":0.0008906559,"19":0.0008705583,"20":0.0008369883,"21":0.0008273069},"val_loss":{"0":0.1262738109,"1":0.3201464117,"2":0.4433209598,"3":0.4393263161,"4":0.3927581906,"5":0.3014321625,"6":0.2533433437,"7":0.2406144738,"8":0.1353903562,"9":0.0302789081,"10":0.014496672,"11":0.0137882624,"12":0.0176994093,"13":0.0222197007,"14":0.0246140342,"15":0.0282153785,"16":0.0319362506,"17":0.0332168378,"18":0.0362012014,"19":0.0396354422,"20":0.0402995311,"21":0.0427170955}}